Make,2007-01,2007-02,2007-03,2007-04,2007-05,2007-06,2007-07,2007-08,2007-09,2007-10,2007-11,2007-12,2008-01,2008-02,2008-03,2008-04,2008-05,2008-06,2008-07,2008-08,2008-09,2008-10,2008-11,2008-12,2009-01,2009-02,2009-03,2009-04,2009-05,2009-06,2009-07,2009-08,2009-09,2009-10,2009-11,2009-12,2010-01,2010-02,2010-03,2010-04,2010-05,2010-06,2010-07,2010-08,2010-09,2010-10,2010-11,2010-12,2011-01,2011-02,2011-03,2011-04,2011-05,2011-06,2011-07,2011-08,2011-09,2011-10,2011-11,2011-12,2012-01,2012-02,2012-03,2012-04,2012-05,2012-06,2012-07,2012-08,2012-09,2012-10,2012-11,2012-12,2013-01,2013-02,2013-03,2013-04,2013-05,2013-06,2013-07,2013-08,2013-09,2013-10,2013-11,2013-12,2014-01,2014-02,2014-03,2014-04,2014-05,2014-06,2014-07,2014-08,2014-09,2014-10,2014-11,2014-12,2015-01,2015-02,2015-03,2015-04,2015-05,2015-06,2015-07,2015-08,2015-09,2015-10,2015-11,2015-12,2016-01,2016-02,2016-03,2016-04,2016-05,2016-06,2016-07,2016-08,2016-09,2016-10,2016-11,2016-12,2017-01
Alfa Romeo,16,9,21,20,17,21,14,12,15,10,18,21,15,8,8,9,4,11,15,11,4,9,7,7,6,2,9,3,7,7,5,7,1,0,4,0,63,49,47,15,19,26,56,25,17,18,23,49,62,38,53,33,61,34,45,50,41,27,26,34,20,27,48,19,27,16,17,39,24,27,13,6,17,7,9,13,10,21,18,21,11,17,6,5,5,5,11,6,8,4,12,15,8,7,2,1,9,1,3,3,3,3,9,4,5,0,3,3,0,2,3,3,1,2,1,6,15,3,4,3,6
Aston Martin,0,0,1,0,4,3,3,0,0,0,0,0,0,0,1,2,0,2,0,0,0,0,0,0,0,0,0,0,0,0,0,0,0,0,0,0,0,0,0,0,3,3,1,0,0,0,0,0,0,0,1,2,0,1,0,1,4,0,2,0,1,0,0,1,0,0,1,0,1,0,0,0,0,1,0,1,0,0,1,0,0,0,0,0,0,0,0,0,0,0,0,0,0,0,0,0,0,0,0,2,2,0,0,0,0,0,0,0,0,0,2,0,0,1,0,0,0,0,0,0,0
Audi,599,498,682,556,630,498,562,590,393,554,448,462,429,486,478,662,569,693,594,574,545,578,522,625,221,325,323,389,416,488,593,513,422,510,549,677,432,411,587,774,617,535,659,560,467,526,560,526,421,633,676,653,720,658,630,588,581,587,601,603,789,641,747,703,825,578,836,767,578,654,702,501,597,641,488,987,699,579,687,645,554,664,495,475,633,543,570,704,721,548,609,575,448,606,516,604,302,474,598,665,585,640,754,541,494,549,592,496,559,531,543,685,540,551,687,794,688,603,645,827,565
BMW,352,335,365,360,431,477,403,348,271,562,525,512,368,474,379,593,441,593,386,278,371,395,262,423,159,292,330,278,389,383,378,377,447,450,424,551,260,416,453,413,489,515,442,447,556,517,647,502,463,483,540,521,714,533,496,449,531,639,591,328,721,598,672,625,670,621,537,579,572,686,640,404,652,533,473,646,662,494,513,620,681,579,586,437,919,896,1016,946,733,644,670,816,670,778,710,804,649,636,785,733,693,849,617,860,777,1010,934,1024,1089,899,933,1052,832,808,636,1031,1193,1096,1663,866,1540
Bentley,0,0,0,0,0,1,0,0,0,0,0,1,0,0,1,0,0,0,0,0,0,0,0,0,0,0,0,0,0,0,0,0,0,0,0,0,0,0,0,0,0,1,0,0,0,0,0,0,0,0,0,0,0,0,0,0,0,0,0,0,1,1,0,0,0,0,0,1,0,1,0,0,0,1,0,0,0,0,0,0,0,1,0,0,0,0,0,0,0,0,0,0,0,0,0,0,0,0,0,0,0,0,0,0,0,0,0,0,0,0,0,0,0,1,1,1,0,0,0,0,0
Binz,0,0,0,0,0,0,0,0,0,0,0,0,0,0,0,0,0,0,0,0,0,0,0,0,0,0,0,0,0,0,0,0,0,0,0,0,0,0,0,0,0,0,0,0,0,0,0,0,0,0,0,0,0,0,0,0,0,0,0,0,0,0,0,0,0,0,0,0,0,0,0,1,0,0,0,0,0,0,0,0,0,0,0,1,0,0,0,0,0,0,0,0,0,0,0,0,0,0,0,0,0,0,0,0,0,0,0,0,0,0,0,0,0,0,0,0,0,0,0,0,0
Cadillac,0,1,4,2,0,1,0,3,0,1,0,1,0,1,1,0,0,2,0,0,1,0,0,0,0,0,1,1,0,0,0,0,0,1,0,0,1,0,1,1,0,0,0,0,0,0,0,0,0,0,0,0,0,0,0,0,0,0,0,0,1,1,0,0,1,0,0,0,0,0,1,1,0,0,0,2,0,0,0,0,0,0,0,0,0,0,0,0,1,0,0,0,0,1,0,0,0,0,0,0,0,0,1,0,0,0,0,0,0,0,0,0,1,0,0,0,0,0,0,0,0
Chevrolet,20,35,52,79,65,74,78,67,57,47,50,44,28,21,37,43,30,28,28,26,28,26,18,10,4,18,13,18,20,15,25,21,14,10,25,39,6,2,2,3,2,3,1,0,1,0,1,1,1,2,1,2,1,0,1,3,2,4,2,3,1,2,2,0,2,2,1,1,1,4,39,22,40,30,28,35,26,67,54,64,60,55,48,32,47,60,49,25,29,29,37,26,41,15,13,54,0,0,2,0,0,0,0,0,1,0,0,0,0,0,0,0,0,0,0,0,0,0,0,0,0
Chevrolet US,0,3,0,0,0,1,0,0,0,1,0,0,0,0,0,0,0,0,0,0,0,0,0,0,0,0,0,0,0,0,0,0,0,0,0,0,0,0,0,0,0,1,0,1,0,0,0,0,0,0,0,0,0,0,0,0,0,0,0,1,0,0,0,0,0,0,0,0,2,0,0,0,0,0,0,0,0,0,0,0,0,0,0,0,0,0,0,0,0,0,0,0,0,0,0,0,0,0,0,1,1,0,0,0,0,1,0,0,0,0,0,0,0,1,0,0,0,1,0,0,0
Chrysler,4,5,3,11,8,5,5,1,4,4,9,4,5,4,1,6,7,3,5,4,9,18,4,4,1,6,2,2,2,5,1,1,3,1,0,5,1,0,0,1,4,0,1,1,2,0,0,0,2,1,0,0,0,0,0,0,0,0,0,0,0,0,0,0,0,0,0,0,0,0,0,0,0,0,0,0,0,0,0,0,0,0,0,0,0,0,0,0,0,0,0,0,0,0,0,0,0,0,0,0,0,0,0,0,0,0,0,0,0,0,0,0,0,0,0,0,0,0,0,0,0
Citroen,263,247,239,179,223,277,281,288,184,202,206,120,146,148,105,170,217,253,179,134,121,142,108,119,97,123,179,180,171,172,150,189,119,203,162,235,206,196,287,218,240,407,251,384,268,337,304,315,291,252,316,262,374,345,307,283,290,370,302,274,239,331,313,204,338,347,286,348,389,280,282,226,274,199,187,279,224,250,212,165,181,180,181,134,187,168,270,164,288,303,195,232,173,347,215,209,202,112,186,305,153,198,133,115,149,216,191,158,181,164,155,146,155,117,175,162,149,171,161,119,163
DS,0,0,0,0,0,0,0,0,0,0,0,0,0,0,0,0,0,0,0,0,0,0,0,0,0,0,0,0,0,0,0,0,0,0,0,0,0,0,0,0,0,0,0,0,0,0,0,0,0,0,0,0,0,0,0,0,0,0,0,0,0,0,0,0,0,0,0,0,0,0,0,0,0,0,0,0,0,0,0,0,0,0,0,0,0,0,0,0,0,0,0,0,0,0,0,0,0,0,0,0,0,0,0,0,0,0,0,1,13,14,37,49,19,18,20,10,4,9,1,6,9
Dacia,0,0,0,0,0,0,0,0,0,0,0,0,0,0,0,0,0,0,0,0,0,0,0,0,0,0,0,0,0,0,0,0,0,0,0,0,0,0,0,0,0,0,0,0,0,0,0,0,0,0,0,1,0,0,0,2,0,2,0,0,0,1,0,1,0,1,0,0,0,0,0,3,28,23,18,25,15,12,14,13,10,10,5,16,7,11,23,11,18,10,14,8,7,11,24,9,13,22,23,17,3,14,7,10,12,8,5,7,1,21,24,28,18,27,8,40,13,14,31,80,9
Daihatsu,15,22,27,17,36,37,33,40,26,27,19,16,24,26,25,26,22,19,9,19,17,15,8,4,7,3,6,4,2,4,3,2,3,4,0,0,2,7,11,12,5,8,6,6,11,5,7,7,6,7,7,4,1,3,1,1,1,1,1,1,0,0,0,0,0,0,0,0,0,0,0,0,0,0,0,0,0,0,0,0,0,0,0,0,0,0,0,0,0,0,0,0,0,0,0,0,0,0,0,0,0,0,0,0,0,0,0,0,0,0,0,0,0,0,0,0,0,0,0,0,0
Dodge,33,24,25,25,29,23,26,13,12,21,25,16,16,20,12,18,19,40,42,49,30,25,27,25,14,20,12,27,23,24,24,15,26,15,17,23,15,15,7,8,5,7,7,6,1,1,0,0,0,0,0,0,0,0,0,0,0,0,0,0,0,0,0,0,0,0,0,1,0,0,0,0,0,0,0,0,1,0,0,0,0,0,0,0,0,0,0,0,0,0,0,0,0,0,0,0,0,0,0,0,0,0,0,0,0,0,0,0,0,0,0,0,0,0,0,0,0,0,0,0,0
Ferrari,0,0,0,0,0,0,0,0,0,0,0,0,0,2,0,1,0,0,0,0,0,0,1,1,0,0,0,0,0,1,1,2,0,0,0,0,0,0,0,0,1,0,0,0,0,0,1,0,0,0,0,0,1,0,0,0,0,0,0,0,1,1,1,0,0,1,0,0,0,0,0,0,0,0,0,0,0,0,0,0,0,0,0,0,0,0,0,0,0,0,1,0,0,1,0,0,0,0,1,0,0,0,0,0,0,0,0,0,0,0,0,0,2,0,1,1,0,0,0,0,1
Fiat,9,6,20,7,18,10,12,23,32,28,40,9,22,19,17,72,74,67,37,57,47,61,42,45,34,40,46,49,116,83,121,97,134,103,98,48,107,116,161,84,141,102,89,124,77,110,63,93,39,63,52,47,75,67,51,69,73,74,53,43,41,46,80,47,51,46,68,69,47,57,55,24,29,56,47,77,79,97,52,51,42,35,36,36,31,29,38,36,50,35,29,36,19,26,26,26,15,13,22,25,34,22,18,22,20,17,12,44,5,5,17,14,7,5,3,19,16,10,12,32,3
Fisker,0,0,0,0,0,0,0,0,0,0,0,0,0,0,0,0,0,0,0,0,0,0,0,0,0,0,0,0,0,0,0,0,0,0,0,0,0,0,0,0,0,0,0,0,0,0,0,0,0,0,0,0,0,0,0,0,0,0,0,0,0,0,0,0,1,2,1,0,0,0,2,0,0,1,0,0,0,0,0,0,0,0,0,0,0,0,0,0,0,0,0,0,0,0,0,0,0,0,0,0,0,0,0,0,0,0,0,0,0,0,0,0,0,0,0,0,0,0,0,0,0
Ford,870,686,766,451,648,772,1006,816,679,693,566,821,942,1016,713,854,984,898,1056,658,764,701,639,848,533,527,698,608,661,845,824,552,956,1045,1142,1413,849,602,989,567,844,1241,1013,1102,1190,887,1331,1226,840,997,1105,835,1067,1085,901,1248,1107,1147,1282,1377,828,862,1255,741,1019,1120,841,911,930,1017,741,742,679,800,666,950,1010,1084,825,897,733,864,733,756,601,524,700,803,626,787,645,604,597,691,562,681,593,666,829,634,747,670,642,866,648,706,724,737,752,754,717,715,751,854,510,625,697,534,690,727,617
Honda,423,356,399,351,520,624,401,296,358,428,509,471,549,405,293,364,302,337,283,312,394,214,211,340,138,303,454,328,271,226,327,215,227,282,114,174,127,200,260,233,168,290,140,257,198,143,254,301,164,146,265,143,218,232,101,181,199,131,106,122,58,145,161,84,167,191,105,162,117,143,205,193,242,332,298,250,230,223,121,182,196,171,189,221,91,175,236,188,235,229,138,142,191,181,162,159,118,163,271,147,143,234,89,151,212,206,230,163,135,151,182,186,158,189,145,201,148,111,109,118,101
Hyundai,97,149,228,142,155,204,182,196,247,220,156,128,97,128,175,187,155,150,162,111,212,146,120,91,202,208,317,244,257,257,360,303,283,354,218,136,242,263,493,365,304,464,472,319,338,312,376,276,383,401,508,357,447,522,341,622,450,432,543,498,312,485,602,392,683,522,478,432,399,432,371,449,321,309,469,454,468,484,344,343,337,303,211,142,217,211,195,200,270,223,159,143,211,150,131,133,283,148,202,212,123,237,181,199,300,177,201,209,147,121,159,212,237,199,229,165,227,221,400,423,349
Infiniti,0,0,0,0,0,0,0,0,0,0,0,0,0,0,0,0,0,0,0,0,0,0,0,0,0,0,0,0,0,0,0,0,0,0,0,0,0,0,0,0,0,0,0,0,0,0,0,0,0,0,0,0,0,0,0,1,0,0,0,0,0,0,0,0,0,0,0,0,0,0,0,0,0,0,0,0,0,0,0,0,0,0,0,0,0,0,0,0,0,0,0,0,0,0,0,0,0,0,0,0,0,0,0,0,0,0,0,0,0,0,0,0,0,0,0,0,0,0,0,0,0
Isuzu,0,0,0,0,0,0,0,0,0,1,0,0,0,0,0,1,0,0,0,0,3,0,1,0,0,5,0,0,1,0,1,0,0,0,0,0,0,0,0,0,0,0,1,0,0,1,1,0,0,0,2,0,1,0,0,0,0,0,0,0,0,0,0,0,0,1,2,0,0,0,0,0,0,0,0,0,0,0,0,0,0,0,0,0,0,0,0,0,0,0,0,0,0,0,0,0,0,0,0,0,0,0,0,0,0,0,0,0,0,0,0,0,0,0,0,0,0,0,0,0,0
Iveco,4,0,5,5,0,0,0,1,0,0,0,0,0,0,0,13,7,6,1,1,1,2,0,10,0,0,0,0,0,0,0,0,0,1,0,0,0,1,0,0,0,15,5,1,0,0,8,0,0,0,0,0,0,0,0,0,1,12,7,1,0,0,0,0,1,1,0,0,0,0,0,0,0,0,0,0,0,0,0,0,0,0,0,0,0,0,0,0,0,1,0,0,1,0,0,0,0,0,0,0,0,0,0,0,0,1,0,0,0,0,0,0,0,0,0,0,0,0,0,0,0
Jaguar,3,5,9,5,5,8,12,5,5,7,7,2,2,6,8,19,25,16,15,4,4,7,3,8,2,4,2,11,2,7,7,2,7,7,13,10,5,5,0,3,5,12,5,6,2,6,5,5,3,4,6,3,0,2,5,1,10,2,6,4,1,3,17,0,3,4,1,4,0,2,6,6,14,3,7,10,7,4,3,3,1,8,1,2,9,6,4,3,4,2,3,5,4,3,4,2,8,2,1,4,6,18,8,11,14,16,9,18,19,5,19,18,38,46,23,42,44,34,33,38,27
Jeep,2,6,33,10,72,68,56,51,34,52,46,43,32,39,28,34,25,19,35,23,24,10,9,10,7,6,27,14,15,9,11,13,13,17,13,15,4,5,3,3,0,0,0,5,1,1,0,2,1,0,0,0,0,1,0,0,2,1,0,7,19,21,20,20,29,17,15,21,11,24,7,5,11,7,4,7,7,2,5,4,4,13,12,6,7,8,4,6,13,39,29,25,17,19,14,27,25,19,19,24,24,19,20,29,15,14,14,11,4,4,8,4,6,4,8,13,5,5,23,39,0
Kia,55,119,171,92,169,159,137,122,158,145,161,132,111,133,120,86,107,107,106,59,73,76,54,27,31,46,60,34,47,51,65,50,41,104,59,43,94,96,153,117,150,140,153,155,123,123,124,79,146,192,184,165,239,171,192,241,237,200,246,401,302,424,411,338,455,380,404,464,471,458,560,250,444,441,341,444,409,348,413,402,480,459,478,376,236,335,307,384,426,375,397,291,448,408,443,359,315,315,376,354,390,419,377,505,384,363,379,458,216,389,367,376,349,373,339,401,418,315,343,327,422
Koenigsegg,0,0,0,0,0,0,0,0,0,0,0,0,0,0,0,0,1,0,0,0,0,0,0,0,0,0,0,0,0,0,0,0,0,0,0,0,0,0,0,0,0,0,0,0,0,0,0,0,0,0,0,0,0,0,0,0,0,0,0,0,0,0,0,0,0,0,0,0,0,0,0,0,0,0,0,0,0,0,0,0,0,0,0,0,0,0,0,0,0,0,0,0,0,0,0,0,0,0,0,0,0,0,0,0,0,0,0,0,0,0,0,0,0,0,0,0,0,0,0,0,0
Lamborghini,0,0,0,0,0,0,0,0,0,0,0,0,0,0,0,0,0,0,0,0,0,0,0,1,0,0,0,0,0,0,0,0,0,0,0,0,0,0,0,0,0,0,0,0,0,0,0,0,0,0,0,0,0,0,0,0,0,0,0,0,0,0,0,0,0,0,0,0,0,0,0,0,0,0,0,0,0,0,0,0,0,0,0,0,0,0,0,0,0,0,0,0,0,0,0,0,0,0,0,0,0,0,0,0,0,0,0,0,0,0,0,0,0,0,0,1,0,0,0,0,0
Lancia,0,0,0,0,0,0,0,1,1,0,0,0,0,0,1,0,0,0,0,0,1,1,1,2,0,0,0,0,0,0,0,0,0,2,0,1,1,0,0,0,0,0,0,0,1,0,0,0,0,0,0,0,0,1,0,0,0,0,0,0,0,0,0,0,0,0,0,0,0,0,0,0,0,0,0,0,0,0,0,0,0,0,0,0,0,0,0,0,0,0,0,0,0,0,0,0,0,0,0,0,1,1,0,0,0,0,0,0,0,0,0,0,0,0,0,0,0,0,0,0,0
Land Rover,14,30,40,42,91,47,32,28,32,39,23,56,21,16,22,24,21,19,9,12,9,17,10,14,4,18,12,14,7,2,8,8,11,6,9,28,3,8,9,12,7,18,7,7,7,3,4,19,1,3,7,9,8,4,6,9,24,49,49,46,69,100,87,65,58,52,47,49,15,39,33,70,45,53,82,29,36,29,26,28,73,53,52,56,79,68,92,43,33,35,29,36,26,25,53,59,32,44,79,56,51,44,25,44,50,49,53,75,35,40,33,32,38,50,24,35,45,16,32,64,18
Lexus,22,17,18,18,10,17,16,30,25,23,22,10,30,15,11,17,14,18,15,14,18,19,5,7,10,40,10,11,13,6,12,26,12,15,16,4,29,10,17,24,20,20,11,20,9,3,9,7,17,4,73,69,41,22,24,53,70,57,31,16,94,33,52,39,52,35,44,42,25,39,24,14,44,37,31,40,34,35,53,69,47,68,54,13,66,47,35,43,57,39,43,53,92,123,135,59,137,106,97,74,76,109,99,105,92,70,58,48,147,95,74,71,73,74,89,142,141,86,89,82,98
Lotus,0,0,0,0,0,0,0,0,0,0,0,0,0,0,0,0,0,0,0,0,0,0,0,0,0,0,0,0,0,0,0,0,0,0,0,0,0,0,0,0,0,0,0,0,0,0,0,0,0,0,0,0,0,0,0,0,1,1,0,0,0,0,0,0,0,0,0,0,0,0,0,0,0,0,0,0,0,0,0,0,0,0,0,0,0,0,0,0,0,0,0,0,0,0,0,0,0,0,0,0,0,0,1,0,0,0,0,0,0,0,0,0,0,0,0,0,0,0,0,0,0
MINI,26,32,28,31,30,37,28,24,26,26,48,28,55,41,28,44,22,35,33,30,27,37,12,10,17,11,12,30,29,25,46,24,33,33,21,20,22,32,49,27,35,34,19,25,36,31,47,41,49,45,51,61,67,57,86,87,85,83,63,79,86,77,65,67,103,56,46,61,61,98,77,59,86,54,59,95,97,72,79,88,68,120,108,57,66,58,79,82,72,78,79,82,98,92,84,70,62,57,72,92,63,65,102,71,82,58,55,62,67,50,55,53,80,127,97,79,48,56,78,68,65
Martin Motors,0,0,0,0,0,0,0,0,0,0,0,0,0,0,0,0,0,0,0,0,0,0,0,0,0,0,0,0,0,0,0,0,0,0,0,0,0,0,0,0,0,0,0,0,0,0,0,0,0,0,0,0,0,0,0,0,0,0,0,0,0,1,0,0,0,0,0,0,0,0,0,0,0,0,0,0,0,0,0,0,0,0,0,0,0,0,0,0,0,0,0,0,0,0,0,0,0,0,0,0,0,0,0,0,0,0,0,0,0,0,0,0,0,0,0,0,0,0,0,0,0
Maserati,0,0,0,0,0,0,0,0,1,1,1,1,0,1,0,1,2,0,1,0,0,0,0,0,0,0,0,0,0,0,0,0,0,0,0,0,0,0,0,0,0,0,0,0,0,0,0,0,0,0,0,0,0,0,0,0,0,0,0,0,0,0,0,0,0,0,0,0,0,0,0,0,0,0,0,0,0,0,0,0,0,0,1,0,0,2,1,0,2,3,2,3,0,3,1,2,0,0,2,0,0,0,0,1,0,0,0,0,1,2,0,0,0,0,1,2,0,0,0,5,2
Mazda,191,239,319,249,325,296,294,237,266,247,287,194,280,305,514,317,345,346,362,347,359,275,209,175,182,246,450,214,142,314,238,225,337,196,227,252,187,193,423,212,267,198,205,184,280,216,212,221,132,175,122,169,178,173,165,134,107,97,166,144,122,144,192,183,225,303,319,248,319,341,261,270,646,604,594,414,338,465,644,628,584,449,455,288,610,372,555,390,575,491,565,600,593,525,533,310,393,357,390,558,508,635,598,620,679,635,713,616,621,651,550,564,565,611,489,518,549,524,420,541,284
McLaren,0,0,0,0,0,0,0,0,0,0,0,0,0,0,0,0,0,0,0,0,0,0,0,0,0,0,0,0,0,0,0,0,0,0,0,0,0,0,0,0,0,0,0,0,0,0,0,0,0,0,0,0,0,0,0,0,0,0,0,0,0,0,0,0,0,0,0,1,0,0,0,0,0,0,0,0,0,0,0,0,0,0,0,0,0,0,0,0,0,0,0,0,0,0,0,0,0,0,0,0,0,0,0,0,0,0,0,0,0,0,0,0,0,0,0,0,0,0,0,0,0
Mercedes-Benz,362,410,387,387,422,421,469,435,298,376,447,456,374,291,243,480,392,329,275,295,278,260,302,294,144,140,248,215,279,322,414,364,372,434,352,493,328,342,361,347,373,356,372,389,403,380,448,463,361,342,311,358,463,394,403,375,363,373,406,395,461,429,518,415,449,355,380,457,501,466,523,662,485,563,460,705,592,339,418,513,415,444,494,663,531,495,523,546,555,450,542,438,500,622,639,762,543,537,492,646,679,618,695,659,677,566,694,872,661,625,817,661,872,826,607,881,891,732,807,653,970
Mia,0,0,0,0,0,0,0,0,0,0,0,0,0,0,0,0,0,0,0,0,0,0,0,0,0,0,0,0,0,0,0,0,0,0,0,0,0,0,0,0,0,0,0,0,0,0,0,0,0,0,0,0,0,0,0,0,0,0,0,0,0,0,0,0,0,0,0,5,0,2,0,1,0,3,0,0,0,0,0,0,2,0,0,0,0,0,0,0,0,0,0,0,0,0,0,0,0,0,0,0,0,0,0,0,0,0,0,0,0,0,0,0,0,0,0,0,0,0,0,0,0
Mitsubishi,136,262,512,104,222,414,381,681,553,324,299,351,337,397,584,620,321,283,290,251,287,214,206,237,126,208,276,170,138,147,193,277,273,127,213,394,126,308,336,356,320,325,297,387,681,465,548,525,409,488,872,987,827,578,707,635,537,502,702,598,406,369,437,396,477,340,374,341,429,381,396,308,601,428,488,648,616,539,455,387,418,401,378,376,389,451,560,498,440,399,438,457,486,452,351,317,502,302,374,418,577,640,290,284,437,614,679,673,199,607,825,630,659,698,641,499,562,426,472,444,216
Morgan,0,0,0,4,2,0,0,0,1,0,0,0,0,0,0,8,1,1,2,1,0,0,0,0,1,0,1,3,0,0,2,0,0,0,0,0,0,0,1,4,1,4,0,2,0,0,0,0,0,0,0,0,1,1,0,1,0,0,0,0,0,0,2,1,0,1,0,0,0,1,0,0,0,0,0,2,0,0,2,0,0,0,0,0,0,0,0,0,1,0,0,1,0,0,0,0,0,0,0,0,1,0,0,0,0,0,0,0,0,0,0,0,1,0,1,0,0,0,0,0,0
Nilsson,2,6,1,0,0,0,1,0,1,1,0,1,3,2,1,6,2,0,2,0,0,0,0,2,3,4,4,1,3,6,0,0,1,0,0,0,0,0,0,0,0,0,0,0,0,0,1,0,2,5,1,0,1,0,2,0,0,0,2,0,0,1,0,0,0,2,0,0,1,1,0,0,2,0,2,0,1,4,0,0,0,0,0,0,0,4,0,0,5,0,0,0,0,0,4,1,0,0,0,5,0,2,0,0,4,0,4,0,0,0,2,0,4,2,4,3,4,4,2,3,3
Nissan,127,134,327,328,382,364,277,348,432,518,530,244,472,635,431,456,474,476,400,279,319,346,293,259,197,243,271,266,235,267,413,413,406,399,373,296,342,332,476,471,440,479,410,365,441,475,481,316,509,481,525,467,537,418,456,403,548,438,618,432,673,614,669,436,589,477,595,553,575,599,567,311,626,560,620,814,645,633,648,725,615,1075,729,512,872,861,924,859,766,586,677,750,709,867,687,634,848,761,1057,543,514,692,759,722,977,759,455,230,673,842,1105,782,592,640,590,627,460,646,571,533,615
Opel,622,551,578,534,771,683,685,472,414,547,477,481,334,381,312,412,437,399,472,271,302,241,230,179,303,247,381,370,426,432,424,264,284,360,245,256,315,283,501,404,342,488,341,380,260,309,315,242,375,367,526,407,561,423,419,400,326,308,339,265,327,321,376,301,318,292,316,266,299,319,323,158,397,308,377,463,372,245,220,238,250,202,208,334,263,293,334,227,275,241,239,184,260,258,182,191,273,241,344,259,275,290,235,287,259,258,291,305,237,274,279,352,397,389,311,282,249,249,317,372,191
Peugeot,1029,621,867,547,743,569,749,531,426,707,479,225,592,467,502,662,590,427,581,457,383,449,333,173,320,291,361,479,339,308,408,359,370,590,403,173,842,500,704,628,506,528,635,597,690,638,496,398,548,463,701,595,1018,571,635,557,729,535,622,453,493,527,484,391,655,516,512,657,490,669,539,276,639,448,390,444,491,371,361,563,402,463,436,251,661,608,490,531,474,515,432,642,568,601,506,527,373,401,525,541,490,472,477,531,439,475,400,418,437,428,405,483,404,400,314,461,354,415,427,270,571
Polaris,0,0,0,0,0,0,0,0,0,0,0,0,0,0,0,0,0,0,0,0,0,0,0,0,0,0,0,0,0,0,0,0,0,0,0,0,0,0,0,0,0,0,0,0,0,0,0,0,0,0,0,0,0,0,0,0,0,0,0,0,0,0,0,0,0,0,0,0,0,0,0,0,0,0,0,0,0,0,0,0,0,0,0,0,0,0,0,0,0,0,0,0,0,0,0,0,0,19,0,0,0,0,0,0,0,0,0,0,0,0,0,0,0,0,0,0,0,0,0,0,0
Porsche,0,2,14,7,4,5,3,1,4,3,3,2,0,7,2,2,3,3,2,6,1,10,2,6,0,0,2,1,6,5,3,4,5,5,5,9,1,4,6,3,5,22,16,21,23,14,18,25,15,13,10,6,13,17,15,20,10,18,14,8,46,20,20,23,32,30,38,34,16,31,19,19,34,20,24,49,25,17,43,34,17,20,18,9,26,16,17,45,56,49,34,29,23,42,31,49,28,37,28,39,30,38,34,36,28,49,20,18,60,34,30,49,42,40,28,38,26,14,29,27,91
Renault,168,84,131,92,109,107,124,100,69,75,74,57,59,48,55,109,67,62,86,46,38,54,24,39,28,82,63,89,56,61,35,43,45,68,56,53,88,67,67,92,65,73,59,33,12,45,53,53,62,33,67,67,120,79,83,82,65,55,77,90,41,60,65,34,57,110,66,59,30,56,34,45,57,32,56,80,73,44,91,119,62,109,93,73,74,59,240,144,116,120,130,122,119,195,153,161,127,147,296,215,158,496,136,133,240,253,171,310,250,111,453,325,160,490,128,134,256,216,202,224,306
Saab,169,175,243,191,241,195,204,103,220,234,233,307,114,132,106,178,175,170,141,73,132,116,65,92,36,48,34,32,42,30,33,24,21,62,32,26,20,23,14,17,14,19,34,33,23,47,70,76,34,58,76,54,24,19,7,10,10,4,0,2,1,2,1,0,2,1,2,1,0,0,1,0,0,1,0,0,1,0,0,0,0,0,0,0,0,0,0,0,0,0,0,0,0,0,0,0,0,0,0,0,0,0,0,0,0,0,0,0,0,0,0,0,0,0,0,0,0,0,0,0,0
Seat,0,0,0,0,0,0,0,0,0,0,0,0,0,0,0,0,0,0,0,0,0,0,0,0,0,0,0,0,0,0,0,0,1,0,0,0,0,0,0,0,0,0,0,0,0,0,0,0,0,0,0,0,0,0,0,0,0,0,0,0,0,0,0,0,0,0,0,1,0,0,1,0,0,0,0,0,0,0,0,0,0,0,1,0,0,0,0,0,0,0,0,0,0,0,0,0,0,0,0,0,0,1,0,1,0,0,0,0,0,0,0,0,0,0,0,0,0,0,0,0,0
Secma,0,0,0,0,0,0,0,0,0,0,0,0,0,0,0,0,0,0,0,0,0,0,0,0,0,0,0,0,0,0,0,0,0,0,0,0,0,0,0,0,0,0,0,0,0,0,0,0,0,0,0,0,0,0,0,0,1,0,0,0,0,0,0,0,0,0,0,0,0,0,0,0,0,0,0,0,0,0,0,0,0,0,0,0,0,0,0,0,0,0,0,0,0,0,0,0,0,0,0,0,0,0,0,0,0,0,0,0,0,0,0,0,0,0,0,0,0,0,0,0,0
Skoda,665,463,491,438,517,512,489,476,354,438,447,578,360,426,455,537,466,370,322,327,306,283,252,317,192,292,337,406,425,280,313,302,342,463,408,446,442,554,566,612,500,534,622,507,559,603,666,590,516,601,546,653,585,623,646,648,691,770,593,748,430,543,531,652,469,573,781,643,463,611,517,580,388,481,484,625,464,434,502,543,679,773,789,786,521,566,543,672,692,577,632,653,554,790,585,666,473,539,679,725,585,645,627,666,548,717,642,644,528,753,662,785,722,721,602,529,653,628,665,526,681
Smart,1,5,0,1,2,8,8,13,3,6,2,6,4,1,2,8,6,4,2,4,3,3,2,7,12,5,2,10,8,6,12,6,9,3,2,2,3,5,1,0,7,8,11,13,10,13,17,10,11,12,9,7,7,8,6,9,10,5,4,6,3,3,5,3,9,4,1,9,5,3,0,3,1,0,7,3,1,1,3,1,5,4,0,3,2,2,0,0,1,1,1,2,0,1,0,0,0,3,3,6,26,16,8,7,17,8,9,16,6,11,6,11,6,5,1,1,4,2,2,1,1
Ssangyong,1,2,0,0,3,5,1,3,2,1,3,3,0,2,1,1,2,2,4,0,2,3,0,0,1,0,0,1,1,0,0,0,1,1,0,3,0,0,0,2,0,0,0,0,0,0,1,2,0,0,1,24,19,6,10,6,15,11,9,10,4,3,5,1,2,4,5,2,4,2,1,3,1,3,5,2,3,1,1,1,1,3,1,1,0,0,0,0,0,0,0,0,1,1,0,0,0,0,0,0,0,1,0,1,0,2,0,1,8,8,5,6,1,5,9,8,9,5,13,5,1
Subaru,26,18,7,77,78,65,51,92,85,141,220,224,161,153,163,240,199,217,206,152,197,245,255,315,164,202,247,190,218,229,158,147,266,221,291,335,161,244,270,275,211,253,279,293,338,249,318,246,194,237,334,143,175,122,141,190,178,242,190,221,168,312,315,174,321,274,371,361,400,334,305,224,238,270,284,325,300,281,301,208,265,285,236,240,187,200,236,213,159,147,177,186,287,262,207,217,95,224,294,365,319,316,328,338,301,296,232,646,32,99,169,279,218,275,201,268,227,217,279,508,39
Suzuki,258,264,333,347,420,262,296,392,314,333,310,201,344,362,273,367,304,264,276,206,207,231,160,181,139,130,120,164,124,119,171,137,219,155,174,180,303,264,195,278,214,178,248,187,200,205,195,220,424,254,318,241,211,203,252,300,267,224,250,138,250,171,229,114,198,137,135,164,176,176,207,103,176,154,169,163,152,148,114,122,199,380,272,270,401,288,238,237,230,167,219,193,259,273,200,143,284,249,311,214,253,228,203,332,311,299,220,183,311,269,292,252,232,185,213,229,241,226,269,271,352
Tata,0,0,0,0,0,0,0,0,0,0,0,0,0,0,0,0,0,0,0,0,0,0,0,0,0,0,0,0,0,0,0,0,0,0,0,0,0,0,1,0,0,0,0,0,0,0,0,0,0,0,0,0,0,0,0,0,0,0,0,0,0,0,0,0,0,0,0,0,0,0,0,0,0,0,0,0,0,0,0,0,0,0,0,0,0,0,0,0,0,0,0,0,0,0,0,0,0,0,0,0,0,0,0,0,0,0,0,0,0,0,0,0,0,0,0,0,0,0,0,0,0
Tazzari,0,0,0,0,0,0,0,0,0,0,0,0,0,0,0,0,0,0,0,0,0,0,0,0,0,0,0,0,0,0,0,0,0,0,0,0,0,0,0,0,0,0,0,0,0,0,0,0,0,0,0,0,0,0,0,0,0,0,0,0,0,0,0,0,0,0,0,0,0,0,0,0,0,0,0,0,0,0,0,0,1,0,0,0,0,0,0,0,0,0,2,0,0,0,0,0,0,0,0,0,0,0,0,0,0,0,0,0,0,0,0,0,0,0,0,0,0,0,0,0,0
Tesla,0,0,0,0,0,0,0,0,0,0,0,0,0,0,0,0,0,0,0,0,0,0,0,0,0,0,0,0,0,0,0,0,0,4,0,1,0,0,1,2,0,4,0,1,1,2,1,2,1,1,5,3,4,4,3,1,1,1,1,3,2,0,4,4,3,5,3,3,3,3,0,2,0,0,1,1,0,0,5,185,616,98,527,553,132,431,1493,171,373,536,114,183,104,36,202,267,71,321,1140,230,346,566,222,220,127,198,225,373,105,113,487,96,156,291,66,338,848,123,170,688,367
Think,2,0,0,1,0,0,0,1,0,0,0,0,0,4,0,0,0,6,52,38,0,0,11,66,0,29,29,14,1,2,6,8,0,0,0,4,0,1,39,40,40,13,11,54,48,38,29,18,12,39,14,6,14,26,3,6,5,8,2,2,0,1,3,2,1,1,1,5,3,0,0,1,1,1,0,1,0,1,0,0,0,0,4,0,0,0,0,0,0,0,0,0,0,0,0,0,0,0,0,0,0,0,0,0,0,0,0,0,0,0,0,0,0,0,0,0,0,0,0,0,0
Toyota,2884,1885,1833,1300,1866,1620,1901,1783,1303,1648,1579,1081,1758,1494,1338,1528,1259,1141,1315,1002,1250,1247,760,876,946,893,1021,993,1056,888,1353,1482,1697,1709,1450,1117,1894,1287,1474,1280,1213,1488,1694,1529,1461,1379,1511,668,1557,1270,1604,1253,1306,876,1325,1284,1313,1218,1298,932,1388,1465,1834,1364,1508,1264,1342,1547,1387,1640,1380,784,1287,1500,1301,1645,1635,1450,1627,1666,1548,1890,1454,906,1501,1352,1441,1229,1458,1306,1270,1233,1463,1451,1241,1055,1372,1436,1509,1274,1159,1409,1458,1461,1527,1443,1102,866,1106,1374,1537,1432,1687,1603,1127,1824,1823,1327,1375,1238,1526
Volkswagen,2521,1517,1428,1257,1934,1531,1777,1665,1373,1941,1473,1272,1224,1767,1503,1795,1402,1182,1203,1432,1229,1442,1306,1256,725,921,909,1207,1094,965,1356,1174,1358,1458,1529,1571,1524,1411,1585,1906,1591,1425,1916,1458,1575,1659,1824,1298,1665,1501,1908,1845,1822,1222,1590,1827,1674,1854,1960,2030,1528,1340,1701,2107,1712,1480,2031,1873,1445,1848,2064,1378,1680,1592,1440,2200,1351,1482,1556,1551,1512,1550,1735,1481,1360,1379,1722,1893,1716,1620,2197,2065,1707,2061,1920,2019,2057,1895,2274,2667,2076,2501,2415,2254,1768,2210,2346,1881,1743,2044,2236,3017,2222,2287,2076,2359,2084,2161,2106,2239,1688
Volvo,693,570,656,587,805,662,1064,498,662,1014,710,641,593,684,557,732,724,672,601,270,457,472,478,714,347,309,332,434,379,590,900,321,767,765,956,1217,652,842,936,868,728,882,1018,530,827,922,939,1314,656,932,1104,878,1084,853,1134,687,1178,1061,1193,1235,911,800,1127,928,1099,890,917,609,945,969,1090,1265,857,826,826,1060,938,692,901,581,1098,1147,1053,1884,654,723,915,816,859,852,930,614,901,1039,950,2072,321,438,875,729,942,1099,826,518,827,954,937,1512,643,732,687,748,619,766,635,463,763,732,754,1235,1158
Westfield,0,0,0,0,0,0,0,0,0,0,0,0,0,0,0,0,0,0,0,0,0,0,0,0,0,0,0,0,0,0,0,0,0,0,0,0,0,0,0,0,0,0,0,0,0,0,0,0,0,0,0,0,0,0,0,0,0,0,0,0,0,0,0,0,1,0,0,0,0,0,0,0,0,0,0,0,0,0,0,0,0,0,0,0,0,0,0,0,0,0,0,0,0,0,0,0,0,0,0,0,0,0,0,0,0,0,0,0,0,0,0,0,0,0,0,0,0,0,0,0,0
